{  "name": "TEST2",  "children": [    {      "name": "Blue Solid 1",      "translation": [        66,        68,        0      ],      "scale": [        0.3,        0.3,        1      ],      "components": {        "Solid": {          "color": [            0,            0.15431976318359,            1          ],          "size": [            512,            512          ]        }      }    }  ],  "animations": {    "anim1": {      "Blue Solid 1.scale": {        "duration": 0.73333333333333,        "values": [          [            0.3,            0.3,            1          ],          [            0.34,            0.34,            1          ],          [            0.38,            0.38,            1          ],          [            0.42,            0.42,            1          ],          [            0.46,            0.46,            1          ],          [            0.5,            0.5,            1          ],          [            0.46,            0.46,            1          ],          [            0.42,            0.42,            1          ],          [            0.38,            0.38,            1          ],          [            0.34,            0.34,            1          ],          [            0.3,            0.3,            1          ],          [            0.3,            0.3,            1          ],          [            0.3,            0.3,            1          ],          [            0.3,            0.3,            1          ],          [            0.3,            0.3,            1          ],          [            0.3,            0.3,            1          ],          [            0.3,            0.3,            1          ],          [            0.3,            0.3,            1          ],          [            0.3,            0.3,            1          ],          [            0.3,            0.3,            1          ],          [            0.3,            0.3,            1          ],          [            0.3,            0.3,            1          ]        ],        "numberOfLoops": -1      }    }  }}