{  "name": "TEST1",  "children": [    {      "name": "Blue Solid 1",      "translation": [        0,        0,        0      ],      "scale": [        0.29605263157895,        0.3,        1      ],      "components": {        "Solid": {          "color": [            0,            0.15431976318359,            1          ],          "size": [            512,            512          ]        }      }    }  ],  "animations": {    "anim1": {      "Blue Solid 1.translation": {        "duration": 0.73333333333333,        "values": [          [            0,            0,            0          ],          [            72.9417802377778,            -8.36383182947478,            0          ],          [            145.692164841849,            -18.5025008485039,            0          ],          [            218.803330587628,            -25.4667145009578,            0          ],          [            292.182724738109,            -24.656946944831,            0          ],          [            360,            0,            0          ],          [            392.357058474652,            67.0652239755088,            0          ],          [            403.713694895556,            141.38692530722,            0          ],          [            403.714291318908,            216.604453875111,            0          ],          [            392.356973614675,            290.935106949027,            0          ],          [            360,            358,            0          ],          [            292.470941549469,            390.199895070584,            0          ],          [            217.777091129965,            401.473994300279,            0          ],          [            142.214104696735,            401.473392563907,            0          ],          [            67.5294017906095,            390.199982028381,            0          ],          [            0,            358,            0          ],          [            -24.7854537917066,            290.645099378283,            0          ],          [            -25.6122641825846,            217.644673436292,            0          ],          [            -18.6100608109513,            144.916035565569,            0          ],          [            -8.41329818435354,            72.5550852432787,            0          ],          [            0,            0,            0          ],          [            0,            0,            0          ]        ]      }    }  }}