{  "name": "TEST4",  "children": [    {      "name": "Blue Solid 1$AUX",      "translation": [        200,        200,        0      ],      "scale": [        0.3,        0.3,        1      ],      "children": [        {          "name": "Blue Solid 1",          "translation": [            -260,            -260,            0          ],          "components": {            "Solid": {              "color": [                0,                0.15431976318359,                1              ],              "size": [                512,                512              ]            }          }        }      ]    },    {      "name": "Yellow Solid",      "translation": [        200,        200,        0      ],      "scale": [        0.109375,        0.1015625,        1      ],      "components": {        "Solid": {          "color": [            0.95946687459946,            1,            0          ],          "size": [            512,            512          ]        }      }    }  ],  "animations": {    "anim1": {      "Blue Solid 1$AUX.scale": {        "duration": 0.73333333333333,        "values": [          [            0.3,            0.3,            1          ],          [            0.34,            0.34,            1          ],          [            0.38,            0.38,            1          ],          [            0.42,            0.42,            1          ],          [            0.46,            0.46,            1          ],          [            0.5,            0.5,            1          ],          [            0.46,            0.46,            1          ],          [            0.42,            0.42,            1          ],          [            0.38,            0.38,            1          ],          [            0.34,            0.34,            1          ],          [            0.3,            0.3,            1          ],          [            0.3,            0.3,            1          ],          [            0.3,            0.3,            1          ],          [            0.3,            0.3,            1          ],          [            0.3,            0.3,            1          ],          [            0.3,            0.3,            1          ],          [            0.3,            0.3,            1          ],          [            0.3,            0.3,            1          ],          [            0.3,            0.3,            1          ],          [            0.3,            0.3,            1          ],          [            0.3,            0.3,            1          ],          [            0.3,            0.3,            1          ]        ],        "numberOfLoops": -1      },      "Blue Solid 1$AUX.rotation": {        "duration": 0.73333333333333,        "values": [          [            0,            0,            0,            1          ],          [            0,            0,            0.07845909572784,            0.99691733373313          ],          [            0,            0,            0.15643446504023,            0.98768834059514          ],          [            0,            0,            0.23344536385591,            0.97236992039768          ],          [            0,            0,            0.30901699437495,            0.95105651629515          ],          [            0,            0,            0.38268343236509,            0.92387953251129          ],          [            0,            0,            0.45399049973955,            0.89100652418837          ],          [            0,            0,            0.52249856471595,            0.85264016435409          ],          [            0,            0,            0.58778525229247,            0.80901699437495          ],          [            0,            0,            0.64944804833018,            0.76040596560003          ],          [            0,            0,            0.70710678118655,            0.70710678118655          ],          [            0,            0,            0.70710678118655,            0.70710678118655          ],          [            0,            0,            0.70710678118655,            0.70710678118655          ],          [            0,            0,            0.70710678118655,            0.70710678118655          ],          [            0,            0,            0.70710678118655,            0.70710678118655          ],          [            0,            0,            0.70710678118655,            0.70710678118655          ],          [            0,            0,            0.70710678118655,            0.70710678118655          ],          [            0,            0,            0.70710678118655,            0.70710678118655          ],          [            0,            0,            0.70710678118655,            0.70710678118655          ],          [            0,            0,            0.70710678118655,            0.70710678118655          ],          [            0,            0,            0.70710678118655,            0.70710678118655          ],          [            0,            0,            0.70710678118655,            0.70710678118655          ]        ],        "numberOfLoops": -1      }    }  }}